Date,Day,People Tested - Total,People Positive - Total,People Not-Positive - Total,People Tested - Age 0-17,People Tested - Age 18-29,People Tested - Age 30-39,People Tested - Age 40-49,People Tested - Age 50-59,People Tested - Age 60-69,People Tested - Age 70-79,People Tested - Age 80+,People Tested - Age Unknown,People Tested - Female,People Tested - Male,People Tested - Gender Unknown,People Tested - Latinx,People Tested - Asian Non-Latinx,People Tested - Black Non-Latinx,People Tested - White Non-Latinx,People Tested - Other Race Non-Latinx,People Tested - Unknown Race/Ethnicity,People Positive - Age 0-17,People Positive - Age 18-29,People Positive - Age 30-30,People Positive - Age 40-49,People Positive - Age 50-59,People Positive - Age 60-69,People Positive - Age 70-79,People Positive - Age 80+,People Positive - Age Unknown,People Positive - Female,People Positive - Male,People Positive - Gender Unknown,People Positive - Latinx,People Positive - Asian Non-Latinx,People Positive - Black Non-Latinx,People Positive - White Non-Latinx,People Positive - Other Race Non-Latinx,People Positive - Unknown Race/Ethnicity,People Not-Positive - Age 0-17,People Not-Positive - Age 18-29,People Not-Positive - Age 30-39,People Not-Positive - Age 40-49,People Not-Positive - Age 50-59,People Not-Positive - Age 60-69,People Not-Positive - Age 70-79,People Not-Positive - Age 80+,People Not-Positive - Age Unknown,People Not-Positive - Female,People Not-Positive - Male,People Not-Positive - Gender Unknown,People Not-Positive - Latinx,People Not-Positive - Asian Non-Latinx,People Not-Positive - Black Non-Latinx,People Not-Positive - White Non-Latinx,People Not-Positive - Other Race Non-Latinx,People Not-Positive - Unknown Race/Ethnicity
09/09/2020,Wednesday,4648,404,4244,468,1435,1058,591,468,372,166,88,2,2471,2104,73,834,122,664,973,175,1880,41,134,77,53,46,37,11,5,0,219,185,0,198,10,56,78,8,54,427,1301,981,538,422,335,155,83,2,2252,1919,73,636,112,608,895,167,1826
03/01/2020,Sunday,1,0,1,0,0,1,0,0,0,0,0,0,0,1,0,0,0,0,1,0,0,0,0,0,0,0,0,0,0,0,0,0,0,0,0,0,0,0,0,0,0,1,0,0,0,0,0,0,0,1,0,0,0,0,1,0,0
07/03/2020,Friday,2990,175,2815,186,731,620,393,391,335,207,122,5,1715,1237,38,304,68,477,586,108,1447,14,52,37,26,17,16,9,4,0,107,67,1,43,1,44,32,10,45,172,679,583,367,374,319,198,118,5,1608,1170,37,261,67,433,554,98,1402
04/16/2020,Thursday,2394,680,1714,82,389,454,417,435,339,165,113,0,1197,1120,77,374,52,493,353,84,1038,8,119,114,119,122,95,62,41,0,320,352,8,232,15,201,94,28,110,74,270,340,298,313,244,103,72,0,877,768,69,142,37,292,259,56,928
08/15/2020,Saturday,3157,224,2933,289,854,594,383,376,324,170,82,85,1669,1390,98,475,107,560,756,98,1161,18,64,41,29,35,22,11,2,2,104,116,4,76,7,51,60,6,24,271,790,553,354,341,302,159,80,83,1565,1274,94,399,100,509,696,92,1137
03/05/2020,Thursday,17,1,16,4,2,0,4,3,2,0,2,0,8,9,0,2,0,5,2,1,7,0,0,0,0,1,0,0,0,0,1,0,0,0,0,1,0,0,0,4,2,0,4,2,2,0,2,0,7,9,0,2,0,4,2,1,7
06/17/2020,Wednesday,4100,221,3879,219,985,809,520,601,511,280,163,12,2158,1830,112,563,80,651,792,126,1888,18,58,33,32,30,23,14,13,0,109,110,2,98,3,42,31,6,41,201,927,776,488,571,488,266,150,12,2049,1720,110,465,77,609,761,120,1847
05/28/2020,Thursday,4361,521,3840,254,849,791,672,668,636,301,182,8,2240,1931,190,757,67,693,566,122,2156,41,111,89,98,69,62,27,24,0,258,255,8,211,7,114,57,14,118,213,738,702,574,599,574,274,158,8,1982,1676,182,546,60,579,509,108,2038
09/06/2020,Sunday,1951,138,1813,229,499,425,241,208,180,110,58,1,1003,947,1,200,63,376,432,81,799,16,42,28,17,18,10,3,4,0,71,66,1,53,0,26,34,3,22,213,457,397,224,190,170,107,54,1,932,881,0,147,63,350,398,78,777
07/28/2020,Tuesday,5512,336,5176,522,1420,1169,729,651,555,311,153,2,2982,2397,133,1022,140,1042,1182,219,1907,38,86,76,68,33,19,9,7,0,187,145,4,154,10,74,45,10,43,484,1334,1093,661,618,536,302,146,2,2795,2252,129,868,130,968,1137,209,1864
06/03/2020,Wednesday,2962,282,2680,188,674,559,397,416,361,216,146,5,1508,1320,134,390,53,568,454,126,1371,24,61,48,41,44,32,18,14,0,154,127,1,109,3,67,26,19,58,164,613,511,356,372,329,198,132,5,1354,1193,133,281,50,501,428,107,1313
04/02/2020,Thursday,1388,438,950,35,196,282,260,272,164,112,67,0,744,612,32,133,22,400,162,59,612,2,59,69,85,92,58,40,33,0,209,224,5,87,12,225,58,18,38,33,137,213,175,180,106,72,34,0,535,388,27,46,10,175,104,41,574
09/07/2020,Monday,1143,72,1071,123,269,219,136,153,120,85,38,0,594,547,2,102,28,282,297,54,380,4,19,17,5,10,11,3,3,0,39,33,0,21,0,23,13,3,12,119,250,202,131,143,109,82,35,0,555,514,2,81,28,259,284,51,368
09/01/2020,Tuesday,4579,330,4249,481,1287,1010,577,529,377,208,109,1,2449,2086,44,755,128,612,1007,166,1911,33,97,71,38,45,32,8,6,0,178,152,0,127,4,54,78,7,60,448,1190,939,539,484,345,200,103,1,2271,1934,44,628,124,558,929,159,1851
08/22/2020,Saturday,2475,183,2292,276,677,483,306,286,239,129,79,0,1362,1107,6,262,78,411,558,137,1029,18,54,30,28,24,16,11,2,0,91,90,2,66,4,28,48,12,25,258,623,453,278,262,223,118,77,0,1271,1017,4,196,74,383,510,125,1004
05/30/2020,Saturday,2401,240,2161,154,460,419,357,364,352,194,101,0,1263,1105,33,322,30,394,391,104,1160,22,56,41,43,41,23,9,5,0,133,105,2,97,4,45,21,12,61,132,404,378,314,323,329,185,96,0,1130,1000,31,225,26,349,370,92,1099
03/27/2020,Friday,1303,405,898,25,185,303,262,247,151,88,42,0,719,578,6,85,24,330,200,60,604,4,43,61,86,103,49,37,22,0,211,192,2,68,9,208,69,13,38,21,142,242,176,144,102,51,20,0,508,386,4,17,15,122,131,47,566
08/21/2020,Friday,5405,415,4990,654,1561,1138,663,589,450,225,123,2,3028,2334,43,1058,194,782,1338,231,1802,58,133,82,45,54,29,11,3,0,230,181,4,216,15,55,68,16,45,596,1428,1056,618,535,421,214,120,2,2798,2153,39,842,179,727,1270,215,1757
03/31/2020,Tuesday,1379,488,891,21,209,300,261,253,182,93,59,1,755,614,10,136,27,355,195,54,612,5,57,103,96,92,69,39,27,0,258,223,7,106,16,216,81,16,53,16,152,197,165,161,113,54,32,1,497,391,3,30,11,139,114,38,559
03/10/2020,Tuesday,72,11,61,27,13,12,4,8,1,5,1,1,38,32,2,10,3,7,23,5,24,1,2,3,2,0,0,2,1,0,8,3,0,0,1,1,7,2,0,26,11,9,2,8,1,3,0,1,30,29,2,10,2,6,16,3,24
09/13/2020,Sunday,1685,119,1566,208,446,382,207,173,126,97,46,0,952,730,3,227,55,197,410,57,739,13,35,30,17,12,9,3,0,0,60,59,0,35,2,13,35,6,28,195,411,352,190,161,117,94,46,0,892,671,3,192,53,184,375,51,711
03/03/2020,Tuesday,33,0,33,6,5,4,2,6,3,4,3,0,20,13,0,3,3,6,4,0,17,0,0,0,0,0,0,0,0,0,0,0,0,0,0,0,0,0,0,6,5,4,2,6,3,4,3,0,20,13,0,3,3,6,4,0,17
03/13/2020,Friday,145,32,113,11,29,43,19,21,12,8,2,0,57,70,18,12,7,8,29,0,89,0,4,13,5,5,5,0,0,0,8,24,0,4,3,4,18,0,3,11,25,30,14,16,7,8,2,0,49,46,18,8,4,4,11,0,86
07/23/2020,Thursday,4844,318,4526,466,1333,1083,654,559,433,193,117,6,2607,2123,114,821,137,1005,921,176,1784,33,102,68,43,35,17,12,8,0,190,127,1,93,13,79,74,14,45,433,1231,1015,611,524,416,181,109,6,2417,1996,113,728,124,926,847,162,1739
07/05/2020,Sunday,1707,88,1619,132,395,358,208,232,203,115,63,1,925,768,14,149,35,352,394,81,696,6,28,19,14,11,8,2,0,0,52,35,1,23,0,19,19,7,20,126,367,339,194,221,195,113,63,1,873,733,13,126,35,333,375,74,676
06/18/2020,Thursday,3809,184,3625,251,948,832,523,471,393,222,155,14,1993,1662,154,529,100,613,635,122,1810,24,43,34,30,29,9,5,10,0,94,86,4,81,3,31,26,3,40,227,905,798,493,442,384,217,145,14,1899,1576,150,448,97,582,609,119,1770
04/29/2020,Wednesday,4113,1154,2959,194,768,776,717,681,493,251,222,11,2115,1854,144,934,68,624,496,174,1817,54,210,230,219,202,118,62,59,0,534,589,31,514,17,173,115,45,290,140,558,546,498,479,375,189,163,11,1581,1265,113,420,51,451,381,129,1527
08/17/2020,Monday,6237,500,5737,710,1891,1237,758,667,528,309,135,2,3395,2762,80,1334,199,1048,1401,211,2044,69,148,84,73,63,30,23,10,0,238,256,6,263,10,78,89,15,45,641,1743,1153,685,604,498,286,125,2,3157,2506,74,1071,189,970,1312,196,1999
09/23/2020,Wednesday,2322,74,2248,281,668,478,267,236,193,132,64,3,1233,1038,51,370,101,390,660,120,681,5,19,24,8,11,5,2,0,0,36,38,0,21,1,10,19,4,19,276,649,454,259,225,188,130,64,3,1197,1000,51,349,100,380,641,116,662
05/04/2020,Monday,3981,1120,2861,245,751,822,693,639,470,224,131,6,2039,1773,169,899,61,629,455,143,1794,57,218,223,243,177,109,53,40,0,556,544,20,517,24,174,99,46,260,188,533,599,450,462,361,171,91,6,1483,1229,149,382,37,455,356,97,1534
06/24/2020,Wednesday,4751,244,4507,266,1034,896,650,788,625,320,165,7,2545,2077,129,537,115,929,806,165,2199,22,76,56,29,34,11,8,8,0,142,101,1,81,5,51,40,8,59,244,958,840,621,754,614,312,157,7,2403,1976,128,456,110,878,766,157,2140
04/08/2020,Wednesday,1836,704,1132,38,267,354,306,365,271,144,89,2,930,854,52,264,43,509,282,93,645,11,86,100,107,154,129,69,48,0,319,346,39,170,21,298,103,33,79,27,181,254,199,211,142,75,41,2,611,508,13,94,22,211,179,60,566
04/07/2020,Tuesday,1625,559,1066,33,236,344,291,263,241,120,97,0,884,726,15,231,35,410,235,80,634,2,84,108,94,84,80,55,52,0,294,258,7,164,16,198,90,27,64,31,152,236,197,179,161,65,45,0,590,468,8,67,19,212,145,53,570
05/29/2020,Friday,4714,463,4251,279,907,843,738,793,629,341,177,7,2421,2142,151,808,48,821,508,159,2370,33,117,70,85,75,42,18,23,0,250,208,5,219,9,99,34,15,87,246,790,773,653,718,587,323,154,7,2171,1934,146,589,39,722,474,144,2283
03/25/2020,Wednesday,1217,367,850,29,183,291,237,221,136,74,44,2,651,562,4,88,29,318,214,57,511,2,51,71,72,82,33,36,20,0,169,197,1,49,10,183,85,17,23,27,132,220,165,139,103,38,24,2,482,365,3,39,19,135,129,40,488
09/18/2020,Friday,3827,337,3490,439,1040,781,440,464,376,192,94,1,2017,1741,69,700,137,561,781,137,1511,39,92,69,40,45,33,9,10,0,155,180,2,128,8,40,50,15,96,400,948,712,400,419,343,183,84,1,1862,1561,67,572,129,521,731,122,1415
04/21/2020,Tuesday,2790,872,1918,153,485,560,435,466,337,182,171,1,1470,1289,31,527,45,603,407,113,1095,20,150,164,158,151,109,56,64,0,436,428,8,357,13,207,117,38,140,133,335,396,277,315,228,126,107,1,1034,861,23,170,32,396,290,75,955
04/09/2020,Thursday,1572,578,994,38,245,349,272,307,190,99,71,1,811,746,15,243,51,435,232,81,530,9,83,103,104,130,74,40,35,0,258,311,9,173,24,208,82,28,63,29,162,246,168,177,116,59,36,1,553,435,6,70,27,227,150,53,467
03/19/2020,Thursday,920,185,735,54,167,220,153,132,111,54,26,3,537,373,10,57,39,285,238,28,273,5,35,47,36,25,18,17,2,0,86,97,2,20,10,80,63,7,5,49,132,173,117,107,93,37,24,3,451,276,8,37,29,205,175,21,268
04/15/2020,Wednesday,2117,631,1486,89,350,416,384,364,269,150,94,1,1145,944,28,368,59,471,324,117,778,21,93,108,110,124,86,47,42,0,304,325,2,231,21,179,64,44,92,68,257,308,274,240,183,103,52,1,841,619,26,137,38,292,260,73,686
07/17/2020,Friday,6154,325,5829,572,1656,1371,767,660,605,340,173,10,3333,2564,257,1027,129,1072,1299,340,2287,37,102,64,48,35,21,13,5,0,169,153,3,129,6,75,55,14,46,535,1554,1307,719,625,584,327,168,10,3164,2411,254,898,123,997,1244,326,2241
08/28/2020,Friday,4651,377,4274,591,1290,996,569,488,413,218,84,2,2534,2079,38,920,163,674,948,210,1736,63,107,60,50,48,29,15,5,0,176,200,1,164,7,66,67,15,58,528,1183,936,519,440,384,203,79,2,2358,1879,37,756,156,608,881,195,1678
06/22/2020,Monday,4645,220,4425,317,1051,945,622,642,547,359,157,5,2526,2020,99,654,96,789,943,174,1989,23,60,35,37,27,20,15,3,0,114,105,1,100,3,44,27,5,41,294,991,910,585,615,527,344,154,5,2412,1915,98,554,93,745,916,169,1948
05/23/2020,Saturday,2614,328,2286,185,449,446,369,425,395,213,129,3,1351,1216,47,362,23,433,361,113,1322,31,64,57,54,54,36,18,14,0,176,150,2,124,7,68,32,10,87,154,385,389,315,371,359,195,115,3,1175,1066,45,238,16,365,329,103,1235
07/07/2020,Tuesday,5917,344,5573,488,1495,1264,820,733,603,327,161,26,3155,2632,130,871,128,1036,1411,185,2286,36,107,69,54,46,19,8,5,0,185,158,1,98,12,91,69,12,62,452,1388,1195,766,687,584,319,156,26,2970,2474,129,773,116,945,1342,173,2224
03/24/2020,Tuesday,1249,350,899,39,191,311,245,206,140,80,37,0,683,564,2,88,31,277,206,50,597,1,59,67,58,56,61,34,14,0,158,191,1,63,13,156,84,9,25,38,132,244,187,150,79,46,23,0,525,373,1,25,18,121,122,41,572
06/15/2020,Monday,4617,235,4382,321,986,911,565,632,616,372,204,10,2576,1929,112,621,90,764,847,173,2122,36,57,42,34,30,25,9,2,0,131,102,2,101,5,49,20,9,51,285,929,869,531,602,591,363,202,10,2445,1827,110,520,85,715,827,164,2071
05/15/2020,Friday,5342,974,4368,321,976,964,852,851,701,364,306,7,2876,2307,159,1170,65,692,567,141,2707,80,186,201,167,136,104,64,36,0,539,425,10,447,11,157,84,37,238,241,790,763,685,715,597,300,270,7,2337,1882,149,723,54,535,483,104,2469
08/26/2020,Wednesday,4877,387,4490,570,1455,949,607,527,437,223,109,0,2677,2131,69,941,151,846,1019,207,1713,48,126,81,43,45,23,12,9,0,195,190,2,191,5,44,85,18,44,522,1329,868,564,482,414,211,100,0,2482,1941,67,750,146,802,934,189,1669
03/20/2020,Friday,778,155,623,51,128,161,124,125,107,53,26,3,441,328,9,43,20,264,143,28,280,2,23,22,32,30,27,15,4,0,71,84,0,20,6,78,38,2,11,49,105,139,92,95,80,38,22,3,370,244,9,23,14,186,105,26,269
06/26/2020,Friday,4525,218,4307,352,1044,936,630,611,520,274,141,17,2507,1930,88,532,70,781,789,146,2207,18,61,49,29,25,17,11,8,0,121,96,1,68,4,41,41,5,59,334,983,887,601,586,503,263,133,17,2386,1834,87,464,66,740,748,141,2148
07/14/2020,Tuesday,6372,322,6050,585,1536,1338,841,796,671,397,200,8,3493,2662,217,1030,134,1215,1540,254,2199,46,82,69,48,38,23,15,1,0,184,136,2,137,3,71,61,9,41,539,1454,1269,793,758,648,382,199,8,3309,2526,215,893,131,1144,1479,245,2158
08/02/2020,Sunday,1600,94,1506,141,413,339,188,169,182,106,60,2,889,707,4,141,45,284,429,68,633,11,19,29,10,6,12,6,1,0,44,49,1,26,2,27,23,6,10,130,394,310,178,163,170,100,59,2,845,658,3,115,43,257,406,62,623
07/27/2020,Monday,6021,365,5656,612,1635,1245,752,682,632,303,156,4,3307,2607,107,1213,143,1085,1362,198,2020,51,102,68,50,40,30,14,10,0,193,168,4,173,12,80,51,10,39,561,1533,1177,702,642,602,289,146,4,3114,2439,103,1040,131,1005,1311,188,1981
09/14/2020,Monday,4595,423,4172,472,1206,1007,602,512,452,229,114,1,2453,2079,63,847,126,735,1039,147,1701,63,104,92,65,56,26,9,8,0,220,201,2,183,9,60,82,7,82,409,1102,915,537,456,426,220,106,1,2233,1878,61,664,117,675,957,140,1619
05/03/2020,Sunday,1731,465,1266,99,366,326,240,260,212,135,88,5,838,844,49,367,40,362,231,62,669,10,97,77,76,81,66,31,27,0,210,246,9,197,8,115,41,20,84,89,269,249,164,179,146,104,61,5,628,598,40,170,32,247,190,42,585
04/30/2020,Thursday,4295,1277,3018,222,742,731,721,657,554,308,346,14,2185,1974,136,966,74,567,532,158,1998,57,231,223,227,187,150,98,104,0,622,625,30,537,23,212,147,48,310,165,511,508,494,470,404,210,242,14,1563,1349,106,429,51,355,385,110,1688
05/25/2020,Monday,1590,252,1338,79,288,263,194,251,244,158,112,1,788,747,55,154,25,415,329,43,624,7,34,35,41,43,49,26,17,0,123,126,3,76,6,67,39,3,61,72,254,228,153,208,195,132,95,1,665,621,52,78,19,348,290,40,563
05/21/2020,Thursday,4731,805,3926,326,831,806,678,686,632,375,382,15,2566,2011,154,1000,59,711,457,145,2359,75,177,137,120,123,79,51,43,0,417,370,18,367,24,132,54,29,199,251,654,669,558,563,553,324,339,15,2149,1641,136,633,35,579,403,116,2160
03/09/2020,Monday,64,5,59,21,11,14,4,7,2,3,2,0,38,24,2,9,4,9,14,5,23,3,0,0,0,0,0,1,1,0,3,2,0,2,1,1,1,0,0,18,11,14,4,7,2,2,1,0,35,22,2,7,3,8,13,5,23
07/18/2020,Saturday,2619,134,2485,214,588,512,326,331,323,236,87,2,1383,1184,52,235,62,493,454,90,1285,13,38,25,21,20,9,5,3,0,62,72,0,41,1,42,20,5,25,201,550,487,305,311,314,231,84,2,1321,1112,52,194,61,451,434,85,1260
09/17/2020,Thursday,3840,382,3458,342,1129,920,455,404,316,169,103,2,2006,1733,101,648,133,598,820,133,1508,38,119,87,51,38,30,10,9,0,183,196,3,120,10,39,76,10,127,304,1010,833,404,366,286,159,94,2,1823,1537,98,528,123,559,744,123,1381
05/09/2020,Saturday,2566,521,2045,153,455,549,397,426,346,155,82,3,1371,1164,31,512,44,387,345,91,1187,34,104,100,98,90,54,28,13,0,264,253,4,243,9,91,37,17,124,119,351,449,299,336,292,127,69,3,1107,911,27,269,35,296,308,74,1063
08/13/2020,Thursday,4901,394,4507,499,1526,1026,649,544,355,157,138,7,2654,2138,109,1090,133,819,1104,182,1573,39,118,80,74,40,24,11,8,0,212,178,4,181,7,72,88,15,31,460,1408,946,575,504,331,146,130,7,2442,1960,105,909,126,747,1016,167,1542
06/19/2020,Friday,4159,219,3940,289,916,839,579,578,525,257,164,12,2273,1767,119,586,76,725,763,147,1862,28,69,38,28,24,16,10,6,0,111,103,5,87,2,48,27,7,48,261,847,801,551,554,509,247,158,12,2162,1664,114,499,74,677,736,140,1814
04/20/2020,Monday,2979,990,1989,104,492,540,591,544,418,178,109,3,1532,1373,74,625,79,635,402,113,1125,24,158,182,211,195,122,56,41,1,478,501,11,402,26,249,116,44,153,80,334,358,380,349,296,122,68,2,1054,872,63,223,53,386,286,69,972
06/21/2020,Sunday,1464,47,1417,122,328,342,170,178,171,107,46,0,822,631,11,109,24,258,280,78,715,4,16,11,3,7,2,3,1,0,28,19,0,16,1,10,6,2,12,118,312,331,167,171,169,104,45,0,794,612,11,93,23,248,274,76,703
03/22/2020,Sunday,545,169,376,40,71,118,93,99,67,33,23,1,281,261,3,39,15,173,137,30,151,6,23,28,31,37,24,14,6,0,75,94,0,22,6,82,50,6,3,34,48,90,62,62,43,19,17,1,206,167,3,17,9,91,87,24,148
05/14/2020,Thursday,3931,776,3155,258,761,795,649,577,464,245,166,16,1954,1740,237,842,55,588,492,135,1819,49,168,152,132,107,95,43,30,0,396,368,12,328,13,160,72,34,169,209,593,643,517,470,369,202,136,16,1558,1372,225,514,42,428,420,101,1650
05/11/2020,Monday,4531,1014,3517,298,853,892,722,627,553,369,212,5,2382,2032,117,1008,56,613,599,113,2142,62,205,198,193,142,114,69,31,0,511,489,14,525,14,157,83,29,206,236,648,694,529,485,439,300,181,5,1871,1543,103,483,42,456,516,84,1936
06/05/2020,Friday,3940,338,3602,254,888,747,535,571,532,266,139,8,2095,1733,112,700,59,671,594,111,1805,33,76,70,51,50,29,18,10,1,171,166,1,176,3,50,28,11,70,221,812,677,484,521,503,248,129,7,1924,1567,111,524,56,621,566,100,1735
06/29/2020,Monday,5751,280,5471,395,1549,1248,729,677,625,348,173,7,3164,2474,113,862,114,1063,1308,174,2230,22,89,56,36,40,17,9,11,0,137,140,3,102,3,60,51,9,55,373,1460,1192,693,637,608,339,162,7,3027,2334,110,760,111,1003,1257,165,2175
03/15/2020,Sunday,180,40,140,17,33,42,26,24,17,14,7,0,92,87,1,26,9,46,39,8,52,0,3,8,9,8,5,4,3,0,13,27,0,6,4,12,16,0,2,17,30,34,17,16,12,10,4,0,79,60,1,20,5,34,23,8,50
04/13/2020,Monday,2097,692,1405,59,327,438,380,403,272,132,86,0,1130,942,25,364,54,482,330,94,773,10,99,115,127,161,89,53,38,0,353,335,4,237,25,211,94,31,94,49,228,323,253,242,183,79,48,0,777,607,21,127,29,271,236,63,679
07/15/2020,Wednesday,6414,267,6147,508,1932,1408,767,676,589,351,180,3,3514,2735,165,1108,162,1094,1411,274,2365,30,83,51,33,34,18,12,6,0,149,118,0,97,4,83,40,10,33,478,1849,1357,734,642,571,339,174,3,3365,2617,165,1011,158,1011,1371,264,2332
04/17/2020,Friday,2613,775,1838,88,414,499,457,482,352,159,159,3,1388,1203,22,468,71,506,416,105,1047,16,130,125,143,143,118,49,51,0,384,379,12,283,23,206,114,43,106,72,284,374,314,339,234,110,108,3,1004,824,10,185,48,300,302,62,941
07/22/2020,Wednesday,5402,371,5031,507,1528,1220,728,584,469,254,107,5,2991,2279,132,906,138,921,1304,145,1988,41,125,82,57,29,22,14,1,0,191,174,6,136,9,78,97,10,41,466,1403,1138,671,555,447,240,106,5,2800,2105,126,770,129,843,1207,135,1947
08/05/2020,Wednesday,5692,378,5314,574,1763,1247,752,606,437,200,109,4,3103,2487,102,1115,126,1010,1308,173,1960,45,115,82,53,33,32,14,4,0,186,190,2,170,3,84,71,12,38,529,1648,1165,699,573,405,186,105,4,2917,2297,100,945,123,926,1237,161,1922
09/12/2020,Saturday,2342,135,2207,218,576,465,310,299,264,146,64,0,1235,1072,35,166,69,380,422,105,1200,12,31,32,24,19,11,5,1,0,69,64,2,33,7,21,31,5,38,206,545,433,286,280,253,141,63,0,1166,1008,33,133,62,359,391,100,1162
08/06/2020,Thursday,4715,347,4368,452,1413,1031,598,520,353,183,156,9,2578,2036,101,924,117,902,890,161,1721,38,112,73,52,30,22,11,9,0,176,170,1,138,6,79,77,13,34,414,1301,958,546,490,331,172,147,9,2402,1866,100,786,111,823,813,148,1687
09/25/2020,Friday,15,0,15,1,1,5,4,1,1,1,0,1,10,5,0,0,0,5,4,2,4,0,0,0,0,0,0,0,0,0,0,0,0,0,0,0,0,0,0,1,1,5,4,1,1,1,0,1,10,5,0,0,0,5,4,2,4
08/27/2020,Thursday,4718,371,4347,564,1325,939,638,476,467,221,87,1,2574,2042,102,819,151,796,1218,241,1493,39,124,75,58,32,24,10,9,0,199,170,2,176,5,54,76,19,41,525,1201,864,580,444,443,211,78,1,2375,1872,100,643,146,742,1142,222,1452
07/26/2020,Sunday,1704,97,1607,195,377,401,201,187,173,117,51,2,929,770,5,139,54,268,451,71,721,7,23,24,12,17,8,4,2,0,47,50,0,27,3,20,26,3,18,188,354,377,189,170,165,113,49,2,882,720,5,112,51,248,425,68,703
08/29/2020,Saturday,3059,225,2834,376,810,590,428,337,271,179,67,1,1708,1324,27,559,131,463,674,126,1106,24,70,35,40,24,20,12,0,0,122,103,0,98,6,24,55,6,36,352,740,555,388,313,251,167,67,1,1586,1221,27,461,125,439,619,120,1070
08/24/2020,Monday,5830,526,5304,771,1544,1168,752,676,510,282,121,6,3124,2609,97,1469,192,901,1250,213,1805,87,125,105,92,64,30,17,6,0,273,246,7,289,8,59,90,17,63,684,1419,1063,660,612,480,265,115,6,2851,2363,90,1180,184,842,1160,196,1742
05/26/2020,Tuesday,5864,753,5111,404,1130,1036,904,935,806,394,241,14,2970,2674,220,1188,106,966,712,192,2700,61,161,129,138,126,76,40,22,0,394,352,7,355,15,113,59,35,176,343,969,907,766,809,730,354,219,14,2576,2322,213,833,91,853,653,157,2524
05/20/2020,Wednesday,5148,772,4376,315,896,855,755,820,756,449,273,29,2677,2297,174,1015,65,786,516,112,2654,58,209,131,138,107,74,36,18,1,404,359,9,356,4,143,59,26,184,257,687,724,617,713,682,413,255,28,2273,1938,165,659,61,643,457,86,2470
03/08/2020,Sunday,45,3,42,15,6,7,2,5,8,1,1,0,19,25,1,4,1,9,11,2,18,0,0,1,1,0,0,1,0,0,1,2,0,1,0,0,2,0,0,15,6,6,1,5,8,0,1,0,18,23,1,3,1,9,9,2,18
04/05/2020,Sunday,827,292,535,18,116,143,148,172,122,59,49,0,412,406,9,89,22,193,104,41,378,3,31,50,49,73,42,20,24,0,127,162,3,71,11,109,54,11,36,15,85,93,99,99,80,39,25,0,285,244,6,18,11,84,50,30,342
07/12/2020,Sunday,1742,97,1645,149,417,350,228,218,189,131,59,1,978,761,3,132,44,345,432,94,695,7,32,15,19,11,4,7,2,0,53,44,0,26,4,26,19,4,18,142,385,335,209,207,185,124,57,1,925,717,3,106,40,319,413,90,677
04/22/2020,Wednesday,3659,1057,2602,178,559,650,589,705,506,255,208,9,1781,1607,271,681,64,630,425,141,1718,34,171,169,167,207,150,65,94,0,519,480,58,426,22,229,103,45,232,144,388,481,422,498,356,190,114,9,1262,1127,213,255,42,401,322,96,1486
04/25/2020,Saturday,2202,635,1567,121,426,445,401,364,257,109,78,1,1128,1023,51,400,46,351,271,87,1047,32,121,121,132,106,67,32,24,0,307,325,3,265,14,106,77,23,150,89,305,324,269,258,190,77,54,1,821,698,48,135,32,245,194,64,897
05/17/2020,Sunday,1978,326,1652,119,315,329,284,350,308,165,106,2,1023,903,52,304,33,379,312,72,878,17,54,57,37,65,44,22,30,0,155,168,3,138,6,71,30,13,68,102,261,272,247,285,264,143,76,2,868,735,49,166,27,308,282,59,810
07/24/2020,Friday,5566,344,5222,544,1503,1270,702,637,499,276,131,4,3079,2396,91,1165,184,909,1213,204,1891,37,102,76,47,39,21,11,11,0,194,148,2,127,12,74,64,11,56,507,1401,1194,655,598,478,265,120,4,2885,2248,89,1038,172,835,1149,193,1835
06/07/2020,Sunday,1443,110,1333,68,328,289,176,201,203,111,61,6,777,642,24,144,26,304,296,64,609,3,30,29,16,13,8,7,4,0,52,58,0,43,3,22,9,4,29,65,298,260,160,188,195,104,57,6,725,584,24,101,23,282,287,60,580
09/21/2020,Monday,5103,387,4716,541,1724,976,599,542,408,219,92,2,2621,2307,175,932,249,664,1110,159,1989,49,110,74,53,42,32,19,8,0,192,192,3,181,3,37,60,15,91,492,1614,902,546,500,376,200,84,2,2429,2115,172,751,246,627,1050,144,1898
05/06/2020,Wednesday,4187,976,3211,248,837,783,735,673,473,248,181,9,2122,1886,179,878,66,676,481,157,1929,55,190,163,213,169,95,53,38,0,473,469,34,463,13,147,88,39,226,193,647,620,522,504,378,195,143,9,1649,1417,145,415,53,529,393,118,1703
09/11/2020,Friday,4322,338,3984,403,1172,961,525,546,398,211,104,2,2307,1952,63,755,157,661,901,165,1683,52,93,81,39,37,19,15,2,0,168,169,1,145,3,39,74,15,62,351,1079,880,486,509,379,196,102,2,2139,1783,62,610,154,622,827,150,1621
09/10/2020,Thursday,4017,322,3695,400,1220,907,513,424,325,151,74,3,2166,1779,72,774,118,524,801,144,1656,23,117,67,45,37,24,5,4,0,183,137,2,127,7,37,93,4,54,377,1103,840,468,387,301,146,70,3,1983,1642,70,647,111,487,708,140,1602
05/27/2020,Wednesday,4935,611,4324,315,918,894,779,767,685,348,215,14,2467,2229,239,911,57,810,646,132,2379,70,124,100,116,82,65,32,22,0,316,284,11,302,8,105,50,21,125,245,794,794,663,685,620,316,193,14,2151,1945,228,609,49,705,596,111,2254
05/19/2020,Tuesday,5559,895,4664,355,998,963,828,859,751,482,318,5,2943,2485,131,1127,67,767,665,183,2750,78,213,173,148,131,85,39,28,0,452,437,6,421,13,140,71,41,209,277,785,790,680,728,666,443,290,5,2491,2048,125,706,54,627,594,142,2541
04/04/2020,Saturday,956,326,630,20,132,169,173,195,145,69,52,1,495,453,8,90,28,273,128,54,383,2,34,38,61,70,63,33,25,0,152,174,0,69,14,144,43,18,38,18,98,131,112,125,82,36,27,1,343,279,8,21,14,129,85,36,345
05/01/2020,Friday,4123,1171,2952,217,743,783,697,673,495,314,194,7,2180,1776,167,920,90,631,523,188,1771,58,224,221,204,193,133,70,68,0,616,524,31,534,26,192,109,48,262,159,519,562,493,480,362,244,126,7,1564,1252,136,386,64,439,414,140,1509
03/28/2020,Saturday,800,252,548,23,123,165,148,132,109,61,38,1,442,357,1,57,14,219,105,34,371,2,28,54,38,45,38,28,19,0,138,113,1,37,5,135,43,10,22,21,95,111,110,87,71,33,19,1,304,244,0,20,9,84,62,24,349
06/16/2020,Tuesday,4547,212,4335,290,955,913,641,611,583,340,184,30,2404,1905,238,518,98,808,856,143,2124,18,60,37,32,32,21,3,9,0,118,92,2,75,5,52,21,5,54,272,895,876,609,579,562,337,175,30,2286,1813,236,443,93,756,835,138,2070
04/26/2020,Sunday,1509,434,1075,89,300,274,238,227,208,92,79,2,819,683,7,261,48,269,233,50,648,13,84,54,96,66,57,32,32,0,229,202,3,150,17,90,60,23,94,76,216,220,142,161,151,60,47,2,590,481,4,111,31,179,173,27,554
06/08/2020,Monday,4798,273,4525,289,1080,912,611,678,628,402,189,9,2502,2138,158,687,83,716,881,141,2290,21,63,48,49,40,24,15,13,0,136,131,6,135,3,43,28,10,54,268,1017,864,562,638,604,387,176,9,2366,2007,152,552,80,673,853,131,2236
03/14/2020,Saturday,144,31,113,7,33,19,26,23,19,10,2,5,73,66,5,9,3,31,46,4,51,0,9,2,7,6,3,3,1,0,17,12,2,2,2,10,17,0,0,7,24,17,19,17,16,7,1,5,56,54,3,7,1,21,29,4,51
04/24/2020,Friday,3418,1076,2342,124,570,643,559,564,490,249,212,7,1737,1473,208,646,78,594,455,164,1481,30,180,171,185,190,157,73,90,0,495,533,48,417,29,219,148,59,204,94,390,472,374,374,333,176,122,7,1242,940,160,229,49,375,307,105,1277
04/01/2020,Wednesday,1356,459,897,32,184,255,286,234,203,99,63,0,747,579,30,132,30,401,167,56,570,3,56,69,87,84,90,41,29,0,236,204,19,98,19,221,62,15,44,29,128,186,199,150,113,58,34,0,511,375,11,34,11,180,105,41,526
05/10/2020,Sunday,1465,307,1158,105,277,274,215,200,175,112,103,4,748,713,4,290,23,282,269,68,533,17,60,52,64,42,41,14,17,0,138,168,1,121,7,64,38,14,63,88,217,222,151,158,134,98,86,4,610,545,3,169,16,218,231,54,470
09/08/2020,Tuesday,4714,366,4348,437,1442,1052,591,494,368,233,95,2,2427,2151,136,806,152,573,1053,163,1967,36,120,78,56,39,23,9,5,0,178,188,0,171,7,39,75,8,66,401,1322,974,535,455,345,224,90,2,2249,1963,136,635,145,534,978,155,1901
03/07/2020,Saturday,13,3,10,2,1,2,5,1,0,2,0,0,11,2,0,1,0,4,7,0,1,0,0,0,0,1,0,2,0,0,3,0,0,0,0,2,1,0,0,2,1,2,5,0,0,0,0,0,8,2,0,1,0,2,6,0,1
06/04/2020,Thursday,3683,322,3361,194,878,773,510,533,447,218,118,12,1839,1662,182,694,53,608,540,128,1660,27,92,63,54,40,27,10,8,1,160,159,3,145,4,64,22,9,78,167,786,710,456,493,420,208,110,11,1679,1503,179,549,49,544,518,119,1582
07/20/2020,Monday,6220,390,5830,579,1500,1370,800,805,666,337,159,4,3289,2829,102,1029,194,1040,1545,276,2136,53,92,90,55,46,36,14,4,0,196,190,4,160,9,85,69,17,50,526,1408,1280,745,759,630,323,155,4,3093,2639,98,869,185,955,1476,259,2086
06/02/2020,Tuesday,2911,246,2665,161,506,545,432,470,406,245,136,10,1533,1241,137,318,79,521,454,114,1425,14,33,44,45,32,34,18,26,0,116,107,23,83,10,50,17,10,76,147,473,501,387,438,372,227,110,10,1417,1134,114,235,69,471,437,104,1349
06/14/2020,Sunday,1562,92,1470,93,307,290,198,201,197,154,113,9,880,664,18,134,24,288,379,44,693,6,23,18,19,14,6,2,4,0,44,48,0,29,1,24,5,5,28,87,284,272,179,187,191,152,109,9,836,616,18,105,23,264,374,39,665
03/23/2020,Monday,1182,292,890,41,146,305,258,203,105,83,40,1,606,569,7,59,31,248,189,46,609,4,46,56,54,56,30,35,11,0,141,151,0,38,13,134,74,11,22,37,100,249,204,147,75,48,29,1,465,418,7,21,18,114,115,35,587
09/19/2020,Saturday,2248,155,2093,233,580,465,278,270,230,131,61,0,1255,984,9,294,65,374,465,82,968,11,40,35,23,24,15,3,4,0,80,73,2,48,2,16,29,10,50,222,540,430,255,246,215,128,57,0,1175,911,7,246,63,358,436,72,918
04/03/2020,Friday,1565,468,1097,23,236,289,305,297,212,133,70,0,880,671,14,158,53,364,196,58,736,2,72,64,77,94,79,49,31,0,256,211,1,112,25,183,79,16,53,21,164,225,228,203,133,84,39,0,624,460,13,46,28,181,117,42,683
08/01/2020,Saturday,2532,141,2391,217,628,538,319,314,258,171,85,2,1372,1135,25,288,58,442,642,110,992,7,45,27,18,24,11,6,3,0,69,72,0,48,0,32,32,6,23,210,583,511,301,290,247,165,82,2,1303,1063,25,240,58,410,610,104,969
03/16/2020,Monday,427,78,349,44,84,94,60,69,40,20,11,5,240,179,8,35,13,62,77,14,226,1,14,21,18,12,7,4,1,0,37,41,0,8,6,25,30,0,9,43,70,73,42,57,33,16,10,5,203,138,8,27,7,37,47,14,217
07/02/2020,Thursday,5245,254,4991,382,1394,1164,745,690,497,232,115,26,2919,2159,167,714,101,881,984,183,2382,25,80,43,39,28,21,10,8,0,144,110,0,78,5,61,50,6,54,357,1314,1121,706,662,476,222,107,26,2775,2049,167,636,96,820,934,177,2328
09/05/2020,Saturday,2171,198,1973,225,541,449,290,257,221,134,52,2,1166,996,9,303,71,333,400,71,993,24,58,38,34,21,16,6,1,0,93,105,0,81,1,23,38,5,50,201,483,411,256,236,205,128,51,2,1073,891,9,222,70,310,362,66,943
08/14/2020,Friday,4913,347,4566,554,1420,1020,646,512,414,223,122,2,2764,2058,91,919,151,960,1050,174,1659,56,84,64,59,41,26,10,7,0,180,161,6,133,5,67,79,15,48,498,1336,956,587,471,388,213,115,2,2584,1897,85,786,146,893,971,159,1611
09/03/2020,Thursday,3846,333,3513,442,1123,876,495,397,283,148,79,3,2006,1761,79,655,98,568,754,127,1644,37,99,59,49,49,22,13,5,0,176,155,2,135,5,53,83,6,51,405,1024,817,446,348,261,135,74,3,1830,1606,77,520,93,515,671,121,1593
05/07/2020,Thursday,3855,938,2917,251,734,754,662,599,470,228,149,8,1986,1690,179,872,37,542,429,172,1803,58,179,194,171,147,116,40,33,0,480,447,11,434,10,123,90,47,234,193,555,560,491,452,354,188,116,8,1506,1243,168,438,27,419,339,125,1569
03/30/2020,Monday,1259,440,819,28,185,268,225,215,181,96,61,0,694,560,5,117,29,340,193,53,527,6,54,79,81,82,59,43,36,0,217,223,0,85,12,210,78,17,38,22,131,189,144,133,122,53,25,0,477,337,5,32,17,130,115,36,489
05/22/2020,Friday,4703,726,3977,292,884,919,740,761,588,298,202,19,2359,2175,169,963,63,770,497,151,2259,64,155,135,126,112,74,35,25,0,369,347,10,349,10,145,61,25,136,228,729,784,614,649,514,263,177,19,1990,1828,159,614,53,625,436,126,2123
05/13/2020,Wednesday,4155,875,3280,275,845,815,706,663,432,266,144,9,2148,1911,96,979,64,588,513,139,1872,56,188,166,163,134,96,40,32,0,449,419,7,419,14,122,68,28,224,219,657,649,543,529,336,226,112,9,1699,1492,89,560,50,466,445,111,1648
03/12/2020,Thursday,94,21,73,8,19,20,11,14,6,7,3,6,43,49,2,8,0,9,25,3,49,0,6,5,2,4,3,1,0,0,6,15,0,2,0,2,15,0,2,8,13,15,9,10,3,6,3,6,37,34,2,6,0,7,10,3,47
04/12/2020,Sunday,970,341,629,63,137,173,146,181,114,94,61,1,444,496,30,131,19,223,148,50,399,28,32,56,54,60,46,34,31,0,142,182,17,91,7,116,56,21,50,35,105,117,92,121,68,60,30,1,302,314,13,40,12,107,92,29,349
03/18/2020,Wednesday,706,162,544,34,154,164,111,93,71,48,27,4,382,319,5,41,23,200,181,23,238,2,31,32,40,23,18,11,5,0,80,82,0,19,8,64,62,3,6,32,123,132,71,70,53,37,22,4,302,237,5,22,15,136,119,20,232
03/17/2020,Tuesday,545,96,449,25,109,132,77,77,68,31,24,2,281,249,15,33,13,96,143,23,237,0,15,21,18,17,19,2,4,0,37,58,1,7,3,38,40,3,5,25,94,111,59,60,49,29,20,2,244,191,14,26,10,58,103,20,232
07/25/2020,Saturday,2942,161,2781,279,664,612,367,377,347,210,86,0,1603,1319,20,372,83,592,664,104,1127,29,36,35,25,16,8,9,3,0,83,78,0,58,7,35,32,9,20,250,628,577,342,361,339,201,83,0,1520,1241,20,314,76,557,632,95,1107
09/22/2020,Tuesday,4100,183,3917,468,1377,731,435,422,357,203,104,3,2107,1904,89,882,162,620,1072,168,1196,15,55,35,29,21,13,8,7,0,89,92,2,58,4,35,33,9,44,453,1322,696,406,401,344,195,97,3,2018,1812,87,824,158,585,1039,159,1152
03/04/2020,Wednesday,43,0,43,12,7,4,1,11,0,6,2,0,24,19,0,4,3,10,4,0,22,0,0,0,0,0,0,0,0,0,0,0,0,0,0,0,0,0,0,12,7,4,1,11,0,6,2,0,24,19,0,4,3,10,4,0,22
07/13/2020,Monday,6719,335,6384,564,1677,1430,883,829,710,428,195,3,3728,2864,127,1097,154,1361,1462,269,2376,36,99,68,45,35,31,7,14,0,190,143,2,124,7,90,59,8,47,528,1578,1362,838,794,679,421,181,3,3538,2721,125,973,147,1271,1403,261,2329
06/10/2020,Wednesday,4067,234,3833,203,986,887,517,590,470,272,138,4,2152,1789,126,536,82,577,701,153,2018,10,57,46,32,36,26,18,9,0,129,100,5,97,3,46,30,7,51,193,929,841,485,554,444,254,129,4,2023,1689,121,439,79,531,671,146,1967
07/19/2020,Sunday,1833,101,1732,186,391,352,227,222,225,146,83,1,1006,821,6,174,33,318,464,146,698,15,27,24,10,13,5,6,1,0,53,47,1,27,2,32,21,3,16,171,364,328,217,209,220,140,82,1,953,774,5,147,31,286,443,143,682
06/06/2020,Saturday,2239,170,2069,120,425,411,337,318,320,227,79,2,1207,971,61,283,34,364,467,114,977,18,33,22,36,28,20,9,4,0,88,81,1,81,1,25,22,6,35,102,392,389,301,290,300,218,75,2,1119,890,60,202,33,339,445,108,942
06/09/2020,Tuesday,4524,255,4269,254,965,864,601,633,646,359,188,14,2348,2033,143,569,69,669,734,182,2301,19,49,34,46,45,38,14,10,0,115,136,4,110,3,37,36,13,56,235,916,830,555,588,608,345,178,14,2233,1897,139,459,66,632,698,169,2245
06/11/2020,Thursday,3835,204,3631,204,974,808,491,571,442,225,111,9,1981,1634,220,558,67,575,619,90,1926,19,65,27,29,32,19,9,4,0,107,92,5,98,3,31,25,5,42,185,909,781,462,539,423,216,107,9,1874,1542,215,460,64,544,594,85,1884
08/30/2020,Sunday,1811,100,1711,194,536,369,212,206,137,89,68,0,957,849,5,189,54,274,438,62,794,11,24,16,17,15,8,4,5,0,49,50,1,26,1,22,32,4,15,183,512,353,195,191,129,85,63,0,908,799,4,163,53,252,406,58,779
08/10/2020,Monday,5422,378,5044,596,1470,1134,703,621,457,298,132,11,2911,2368,143,1112,169,931,1230,157,1823,41,108,69,64,49,24,18,5,0,186,191,1,183,8,59,68,13,47,555,1362,1065,639,572,433,280,127,11,2725,2177,142,929,161,872,1162,144,1776
08/31/2020,Monday,5146,406,4740,605,1422,1088,658,577,438,237,119,2,2700,2364,82,1052,137,799,1091,189,1878,58,119,67,59,50,29,14,10,0,214,190,2,181,4,60,72,15,74,547,1303,1021,599,527,409,223,109,2,2486,2174,80,871,133,739,1019,174,1804
09/04/2020,Friday,4518,382,4136,618,1284,993,552,440,374,165,90,2,2421,2059,38,999,137,715,852,160,1655,58,99,80,50,37,32,16,10,0,201,179,2,178,10,68,75,8,43,560,1185,913,502,403,342,149,80,2,2220,1880,36,821,127,647,777,152,1612
08/04/2020,Tuesday,5577,367,5210,604,1570,1211,712,612,478,258,121,11,3059,2417,101,1193,171,962,1284,195,1772,48,105,68,56,38,31,17,4,0,199,164,4,170,10,69,60,15,43,556,1465,1143,656,574,447,241,117,11,2860,2253,97,1023,161,893,1224,180,1729
09/24/2020,Thursday,738,8,730,89,194,145,102,58,58,37,55,0,424,312,2,61,56,119,330,52,120,0,0,3,1,1,1,1,1,0,4,4,0,1,0,0,6,1,0,89,194,142,101,57,57,36,54,0,420,308,2,60,56,119,324,51,120
06/23/2020,Tuesday,4993,233,4760,292,1048,963,666,765,650,356,243,10,2641,2193,159,591,131,1021,934,168,2148,12,72,43,37,27,16,17,9,0,117,115,1,95,7,42,47,4,38,280,976,920,629,738,634,339,234,10,2524,2078,158,496,124,979,887,164,2110
04/18/2020,Saturday,1738,535,1203,73,266,348,328,309,229,116,69,0,891,833,14,302,58,384,243,69,682,12,89,101,96,90,81,44,22,0,244,286,5,178,17,161,61,21,97,61,177,247,232,219,148,72,47,0,647,547,9,124,41,223,182,48,585
03/26/2020,Thursday,1343,414,929,35,192,309,287,247,158,77,37,1,700,638,5,107,34,352,234,60,556,2,65,74,79,96,53,36,9,0,182,230,2,77,12,197,92,13,23,33,127,235,208,151,105,41,28,1,518,408,3,30,22,155,142,47,533
07/16/2020,Thursday,5422,297,5125,514,1375,1175,695,648,541,314,150,10,2988,2296,138,1105,108,1016,1151,303,1739,27,88,67,42,31,22,10,10,0,156,140,1,93,3,78,58,12,53,487,1287,1108,653,617,519,304,140,10,2832,2156,137,1012,105,938,1093,291,1686
07/08/2020,Wednesday,5676,310,5366,451,1596,1271,743,654,540,266,137,18,3030,2470,176,803,113,963,1247,175,2375,37,100,70,39,32,19,11,2,0,160,149,1,90,8,71,54,13,74,414,1496,1201,704,622,521,255,135,18,2870,2321,175,713,105,892,1193,162,2301
08/18/2020,Tuesday,5407,393,5014,563,1571,1049,729,646,450,266,128,5,2949,2388,70,999,169,1012,1271,274,1682,50,121,74,56,45,23,20,4,0,203,188,2,184,6,59,74,9,61,513,1450,975,673,601,427,246,124,5,2746,2200,68,815,163,953,1197,265,1621
06/20/2020,Saturday,2286,124,2162,170,463,410,315,341,291,204,89,3,1278,983,25,222,31,377,457,102,1097,18,32,17,21,19,5,9,3,0,64,60,0,69,1,15,18,4,17,152,431,393,294,322,286,195,86,3,1214,923,25,153,30,362,439,98,1080
08/23/2020,Sunday,1725,113,1612,184,501,342,210,192,138,107,49,2,940,779,6,193,55,314,470,100,593,9,35,13,20,15,11,8,2,0,59,54,0,37,1,23,35,5,12,175,466,329,190,177,127,99,47,2,881,725,6,156,54,291,435,95,581
07/09/2020,Thursday,4628,288,4340,386,1376,1056,561,564,388,188,105,4,2514,2010,104,631,85,835,1011,123,1943,27,95,58,40,34,22,7,5,0,136,151,1,85,4,87,60,9,43,359,1281,998,521,530,366,181,100,4,2378,1859,103,546,81,748,951,114,1900
06/13/2020,Saturday,2418,121,2297,147,511,428,309,354,321,217,128,3,1306,1035,77,229,35,419,434,108,1193,13,26,19,14,22,14,7,6,0,66,55,0,46,0,22,16,9,28,134,485,409,295,332,307,210,122,3,1240,980,77,183,35,397,418,99,1165
04/14/2020,Tuesday,2130,663,1467,97,318,425,391,330,288,152,128,1,1210,912,8,355,64,491,371,115,734,16,103,120,120,124,78,51,51,0,352,310,1,230,24,194,94,36,85,81,215,305,271,206,210,101,77,1,858,602,7,125,40,297,277,79,649
08/03/2020,Monday,6039,421,5618,717,1602,1346,770,664,518,290,131,1,3323,2636,80,1204,186,1094,1444,211,1900,55,121,87,66,47,24,14,7,0,216,203,2,214,10,67,69,16,45,662,1481,1259,704,617,494,276,124,1,3107,2433,78,990,176,1027,1375,195,1855
08/09/2020,Sunday,1914,115,1799,201,502,435,224,181,190,121,59,1,1060,848,6,248,51,295,491,61,768,16,41,21,12,6,9,6,4,0,53,62,0,41,4,17,36,2,15,185,461,414,212,175,181,115,55,1,1007,786,6,207,47,278,455,59,753
04/11/2020,Saturday,1261,398,863,44,195,270,217,223,157,93,62,0,639,612,10,177,31,316,179,66,492,7,53,71,65,83,55,38,26,0,184,212,2,103,17,145,54,15,64,37,142,199,152,140,102,55,36,0,455,400,8,74,14,171,125,51,428
07/30/2020,Thursday,4983,341,4642,530,1407,1114,661,547,419,198,102,5,2714,2142,127,1193,155,850,1121,191,1473,49,77,80,49,50,25,7,4,0,175,165,1,155,11,72,56,8,39,481,1330,1034,612,497,394,191,98,5,2539,1977,126,1038,144,778,1065,183,1434
07/21/2020,Tuesday,5285,287,4998,502,1309,1047,737,657,568,311,146,8,2777,2346,162,775,108,979,1260,231,1932,25,82,57,55,29,22,8,9,0,140,147,0,91,3,88,52,17,36,477,1227,990,682,628,546,303,137,8,2637,2199,162,684,105,891,1208,214,1896
04/27/2020,Monday,3574,1156,2418,167,707,662,603,594,472,201,162,6,1861,1603,110,805,68,559,415,191,1536,42,234,201,232,205,125,53,64,0,571,554,31,515,24,200,107,61,249,125,473,461,371,389,347,148,98,6,1290,1049,79,290,44,359,308,130,1287
07/01/2020,Wednesday,5335,262,5073,379,1436,1240,692,641,518,244,166,19,2966,2241,128,884,110,839,1101,177,2224,16,96,51,31,27,25,6,10,0,153,108,1,92,1,64,55,4,46,363,1340,1189,661,614,493,238,156,19,2813,2133,127,792,109,775,1046,173,2178
07/06/2020,Monday,5332,284,5048,417,1330,1146,723,657,575,321,156,7,2847,2392,93,809,123,920,1034,161,2285,22,81,66,41,36,21,11,6,0,150,127,7,87,12,66,46,7,66,395,1249,1080,682,621,554,310,150,7,2697,2265,86,722,111,854,988,154,2219
07/31/2020,Friday,6082,393,5689,664,1583,1277,804,728,585,306,130,5,3392,2609,81,1203,140,1281,1310,208,1940,47,113,81,64,42,31,8,7,0,208,182,3,187,5,76,73,12,40,617,1470,1196,740,686,554,298,123,5,3184,2427,78,1016,135,1205,1237,196,1900
05/24/2020,Sunday,2104,280,1824,141,387,381,325,319,279,179,89,4,1007,1078,19,281,27,388,368,58,982,16,56,42,48,33,47,22,16,0,150,130,0,117,2,49,17,12,83,125,331,339,277,286,232,157,73,4,857,948,19,164,25,339,351,46,899
03/06/2020,Friday,18,3,15,1,5,1,3,3,2,2,0,1,8,10,0,2,0,1,4,2,9,0,0,0,2,0,1,0,0,0,0,3,0,0,0,0,2,1,0,1,5,1,1,3,1,2,0,1,8,7,0,2,0,1,2,1,9
06/28/2020,Sunday,1908,112,1796,165,430,395,282,235,212,106,77,6,1025,861,22,229,33,321,422,86,817,8,36,22,21,10,9,4,2,0,65,47,0,34,1,21,25,6,25,157,394,373,261,225,203,102,75,6,960,814,22,195,32,300,397,80,792
04/23/2020,Thursday,4052,1467,2585,144,569,676,654,676,632,393,293,15,2029,1781,242,760,73,744,484,178,1813,32,194,205,223,240,244,161,167,1,734,644,89,474,20,365,178,68,362,112,375,471,431,436,388,232,126,14,1295,1137,153,286,53,379,306,110,1451
07/10/2020,Friday,5957,344,5613,488,1674,1344,845,667,510,278,141,10,3248,2556,153,774,148,1035,1309,209,2482,35,121,74,50,24,17,18,5,0,167,175,2,102,6,97,65,11,63,453,1553,1270,795,643,493,260,136,10,3081,2381,151,672,142,938,1244,198,2419
08/12/2020,Wednesday,5610,434,5176,677,1707,1218,682,578,435,194,107,12,3026,2414,170,1115,140,895,1261,194,2005,51,119,94,72,54,29,9,6,0,224,207,3,176,1,81,90,20,66,626,1588,1124,610,524,406,185,101,12,2802,2207,167,939,139,814,1171,174,1939
08/25/2020,Tuesday,5405,395,5010,548,1592,1119,625,617,494,275,133,2,2924,2400,81,1164,181,687,1138,240,1995,49,113,73,65,49,26,10,9,1,213,178,4,175,7,59,75,16,63,499,1479,1046,560,568,468,265,124,1,2711,2222,77,989,174,628,1063,224,1932
04/10/2020,Friday,1764,572,1192,72,262,351,318,322,249,118,71,1,898,849,17,264,49,449,237,86,679,22,79,102,98,108,86,42,35,0,252,309,11,165,26,211,75,26,69,50,183,249,220,214,163,76,36,1,646,540,6,99,23,238,162,60,610
06/01/2020,Monday,2374,236,2138,163,428,418,341,339,334,200,149,2,1268,1026,80,283,49,424,462,97,1059,21,51,35,34,35,17,17,26,0,136,99,1,87,8,50,36,12,43,142,377,383,307,304,317,183,123,2,1132,927,79,196,41,374,426,85,1016
08/07/2020,Friday,5864,416,5448,648,1561,1234,842,714,519,236,110,0,3194,2566,104,1185,199,1033,1521,223,1703,65,108,82,55,48,35,13,10,0,200,215,1,182,9,68,86,18,53,583,1453,1152,787,666,484,223,100,0,2994,2351,103,1003,190,965,1435,205,1650
07/29/2020,Wednesday,5743,445,5298,610,1619,1239,752,604,499,264,147,9,3196,2406,141,1363,128,961,1178,207,1906,56,131,95,67,50,28,12,6,0,230,208,7,180,7,98,87,19,54,554,1488,1144,685,554,471,252,141,9,2966,2198,134,1183,121,863,1091,188,1852
08/08/2020,Saturday,2775,177,2598,284,731,521,377,309,295,148,89,21,1481,1256,38,334,66,515,593,121,1146,22,56,27,32,18,14,3,5,0,94,81,2,66,6,39,34,8,24,262,675,494,345,291,281,145,84,21,1387,1175,36,268,60,476,559,113,1122
03/29/2020,Sunday,761,282,479,12,88,159,140,132,125,66,39,0,372,388,1,67,16,211,101,25,341,4,29,48,54,50,50,30,17,0,128,154,0,54,11,145,39,10,23,8,59,111,86,82,75,36,22,0,244,234,1,13,5,66,62,15,318
04/06/2020,Monday,1656,584,1072,31,240,325,283,305,266,124,82,0,899,743,14,191,46,413,258,76,672,5,78,97,102,111,94,56,41,0,301,273,10,137,20,233,97,26,71,26,162,228,181,194,172,68,41,0,598,470,4,54,26,180,161,50,601
08/19/2020,Wednesday,5384,470,4914,674,1655,1175,648,552,375,208,93,4,2956,2366,62,1063,159,855,1210,212,1885,55,144,84,57,71,39,13,7,0,250,219,1,205,4,80,91,23,67,619,1511,1091,591,481,336,195,86,4,2706,2147,61,858,155,775,1119,189,1818
04/28/2020,Tuesday,4246,1322,2924,196,764,792,758,733,557,269,171,6,2126,1939,181,929,71,562,483,246,1955,68,246,232,253,247,156,68,52,0,619,673,30,573,16,241,105,83,304,128,518,560,505,486,401,201,119,6,1507,1266,151,356,55,321,378,163,1651
07/04/2020,Saturday,1011,62,949,96,216,189,115,122,129,88,56,0,533,471,7,57,29,248,268,39,370,8,15,10,13,6,7,2,1,0,32,28,2,12,1,17,12,3,17,88,201,179,102,116,122,86,55,0,501,443,5,45,28,231,256,36,353
04/19/2020,Sunday,1390,461,929,50,242,267,208,214,194,112,102,1,690,691,9,243,58,348,222,79,440,7,67,61,66,75,75,50,60,0,209,250,2,142,21,172,54,23,49,43,175,206,142,139,119,62,42,1,481,441,7,101,37,176,168,56,391
06/30/2020,Tuesday,5309,266,5043,386,1425,1200,746,643,469,250,167,23,2901,2233,175,739,96,881,1120,169,2304,25,92,59,39,24,16,5,6,0,136,129,1,107,3,53,48,3,52,361,1333,1141,707,619,453,245,161,23,2765,2104,174,632,93,828,1072,166,2252
05/16/2020,Saturday,3203,516,2687,202,506,517,480,518,479,337,162,2,1752,1389,62,477,42,474,387,109,1714,35,107,87,93,77,60,35,22,0,279,231,6,203,11,98,51,16,137,167,399,430,387,441,419,302,140,2,1473,1158,56,274,31,376,336,93,1577
05/02/2020,Saturday,2378,717,1661,128,451,451,447,405,275,128,92,1,1205,1139,34,568,38,376,275,69,1052,25,142,126,154,141,74,40,15,0,342,371,4,352,9,108,54,21,173,103,309,325,293,264,201,88,77,1,863,768,30,216,29,268,221,48,879
05/08/2020,Friday,4384,924,3460,239,791,886,768,700,515,297,178,10,2183,1991,210,885,66,567,486,151,2229,52,169,191,196,153,85,44,34,0,441,464,19,435,16,138,77,43,215,187,622,695,572,547,430,253,144,10,1742,1527,191,450,50,429,409,108,2014
06/12/2020,Friday,4427,247,4180,285,1007,944,624,622,512,268,155,10,2381,1918,128,634,99,638,776,200,2080,32,60,42,46,27,21,8,11,0,140,103,4,127,2,40,22,6,50,253,947,902,578,595,491,260,144,10,2241,1815,124,507,97,598,754,194,2030
03/02/2020,Monday,9,0,9,0,1,3,3,1,0,1,0,0,6,2,1,2,1,0,2,0,4,0,0,0,0,0,0,0,0,0,0,0,0,0,0,0,0,0,0,0,1,3,3,1,0,1,0,0,6,2,1,2,1,0,2,0,4
05/05/2020,Tuesday,4309,1090,3219,248,785,801,731,730,550,279,183,2,2135,1989,185,863,67,599,519,144,2117,54,206,206,218,206,125,48,27,0,550,500,40,487,16,160,96,48,283,194,579,595,513,524,425,231,156,2,1585,1489,145,376,51,439,423,96,1834
07/11/2020,Saturday,2886,155,2731,213,714,628,362,346,331,196,95,1,1559,1301,26,204,60,547,589,140,1346,9,69,22,22,13,12,8,0,0,79,76,0,33,3,43,34,13,29,204,645,606,340,333,319,188,95,1,1480,1225,26,171,57,504,555,127,1317
09/20/2020,Sunday,1977,101,1876,172,884,332,148,177,146,80,35,3,1033,940,4,174,178,284,490,71,780,13,27,26,12,9,5,7,2,0,51,49,1,23,2,13,16,2,45,159,857,306,136,168,141,73,33,3,982,891,3,151,176,271,474,69,735
08/20/2020,Thursday,5252,402,4850,666,1506,1066,662,585,416,241,109,1,2871,2294,87,1052,179,808,1313,233,1667,46,115,77,60,59,31,10,4,0,222,176,4,170,6,70,82,16,58,620,1391,989,602,526,385,231,105,1,2649,2118,83,882,173,738,1231,217,1609
09/02/2020,Wednesday,4692,403,4289,491,1423,1077,574,473,357,201,91,5,2569,2070,53,793,174,764,1022,159,1780,41,125,82,66,46,25,12,6,0,222,181,0,162,7,58,86,14,76,450,1298,995,508,427,332,189,85,5,2347,1889,53,631,167,706,936,145,1704
03/11/2020,Wednesday,61,12,49,5,13,12,12,8,7,2,1,1,37,19,5,10,1,8,13,3,26,0,3,1,3,3,2,0,0,0,3,9,0,2,0,5,5,0,0,5,10,11,9,5,5,2,1,1,34,10,5,8,1,3,8,3,26
09/15/2020,Tuesday,4498,348,4150,464,1285,973,511,494,410,247,112,2,2395,2044,59,800,141,651,1056,177,1673,54,95,67,48,41,26,14,3,0,185,162,1,150,4,42,70,11,71,410,1190,906,463,453,384,233,109,2,2210,1882,58,650,137,609,986,166,1602
05/18/2020,Monday,5565,947,4618,357,1005,970,877,870,774,447,252,13,2916,2469,180,1210,80,811,621,137,2706,67,236,152,190,149,83,46,23,1,496,439,12,428,10,146,70,37,256,290,769,818,687,721,691,401,229,12,2420,2030,168,782,70,665,551,100,2450
06/25/2020,Thursday,4499,247,4252,299,1056,972,635,610,529,267,119,12,2352,2004,143,581,67,841,764,141,2105,21,68,65,37,21,20,11,4,0,123,124,0,85,3,56,42,10,51,278,988,907,598,589,509,256,115,12,2229,1880,143,496,64,785,722,131,2054
08/11/2020,Tuesday,5505,384,5121,552,1604,1128,703,607,521,251,136,3,3002,2409,94,971,139,1069,1248,207,1871,47,102,73,67,48,37,7,3,0,182,200,2,160,4,74,76,16,54,505,1502,1055,636,559,484,244,133,3,2820,2209,92,811,135,995,1172,191,1817
08/16/2020,Sunday,1832,123,1709,187,489,408,210,198,168,109,61,2,962,865,5,196,64,344,509,77,642,10,40,29,9,16,10,7,1,1,58,63,2,27,6,19,41,10,20,177,449,379,201,182,158,102,60,1,904,802,3,169,58,325,468,67,622
09/16/2020,Wednesday,4098,360,3738,476,1183,942,497,411,297,192,98,2,2219,1759,120,711,136,619,847,148,1637,48,115,77,47,34,25,11,3,0,203,155,2,166,5,49,64,4,72,428,1068,865,450,377,272,181,95,2,2016,1604,118,545,131,570,783,144,1565
03/21/2020,Saturday,547,125,422,21,88,146,95,73,60,43,16,5,278,265,4,44,29,156,120,29,169,0,18,25,20,28,16,13,5,0,53,72,0,25,6,61,26,3,4,21,70,121,75,45,44,30,11,5,225,193,4,19,23,95,94,26,165
,,259,139,120,15,48,37,38,39,24,25,22,11,128,122,9,37,6,76,37,17,86,4,31,27,25,24,13,10,4,1,68,65,6,23,6,38,11,6,55,11,17,10,13,15,11,15,18,10,60,57,3,14,0,38,26,11,31
06/27/2020,Saturday,2853,130,2723,184,658,543,381,365,372,231,113,6,1517,1278,58,277,53,470,576,128,1349,11,41,21,24,13,10,7,3,0,64,65,1,44,2,33,21,6,24,173,617,522,357,352,362,224,110,6,1453,1213,57,233,51,437,555,122,1325
05/12/2020,Tuesday,4439,943,3496,284,820,830,742,680,559,329,187,8,2331,2017,91,940,63,657,586,131,2062,64,178,177,182,162,92,50,38,0,493,445,5,440,10,169,100,21,203,220,642,653,560,518,467,279,149,8,1838,1572,86,500,53,488,486,110,1859
05/31/2020,Sunday,1243,121,1122,85,244,254,188,175,148,88,60,1,677,556,10,123,17,284,239,33,547,16,28,20,22,12,13,5,5,0,59,61,1,45,1,40,7,0,28,69,216,234,166,163,135,83,55,1,618,495,9,78,16,244,232,33,519
